<?xml version='1.0' encoding='UTF-8'?>
<ExtensionManifest ExtensionBundleId="inv.redwood" ExtensionBundleVersion="1.00" Version="7.0" xmlns:xsi="http://www.w3.org/2001/XMLSchema-instance">
  <ExtensionList>
    <Extension Id="inv.redwood.panel" Version="1.00" />
  </ExtensionList>
  <ExecutionEnvironment>
    <HostList>
      <Host Name="ILST" Version="[23,99.9]" />
      <Host Name="AEFT" Version="[16,99.9]" />
      <!-- <Host Name="PHXS" Version="[20,99.9]" />
      <Host Name="IDSN" Version="[14,99.9]" />
      <Host Name="AICY" Version="[14,99.9]" />
      <Host Name="PPRO" Version="[23,99.9]" />
      <Host Name="PRLD" Version="[8,99.9]" />
      <Host Name="FLPR" Version="[19,99.9]" />
      <Host Name="AUDT" Version="[12,99.9]" />
      <Host Name="DRWV" Version="[19,99.9]" />
      <Host Name="KBGR" Version="[9,99.9]" />
      <Host Name="RUSH" Version="[1,99.9]" /> -->
    </HostList>
    <LocaleList>
      <Locale Code="All" />
    </LocaleList>
    <RequiredRuntimeList>
      <RequiredRuntime Name="CSXS" Version="7.0" />
    </RequiredRuntimeList>
  </ExecutionEnvironment>
  <DispatchInfoList>
    <Extension Id="inv.redwood.panel">
      <DispatchInfo>
        <Resources>
          <!-- <MainPath>./public/index-dev.html</MainPath> -->
          <MainPath>./dist/index.html</MainPath>
          <CEFCommandLine>
            <Parameter>--enable-nodejs</Parameter>
            <Parameter>--mixed-context</Parameter>
          </CEFCommandLine>
        </Resources>
        <Lifecycle>
          <AutoVisible>true</AutoVisible>
        </Lifecycle>
        <UI>
          <Type>Panel</Type>
          <Menu>Redwood</Menu>
          <Geometry>
            <Size>
              <Height>400</Height>
              <Width>280</Width>
            </Size>
            <MaxSize>
              <Height>1080</Height>
              <Width>600</Width>
            </MaxSize>
            <MinSize>
              <Height>300</Height>
              <Width>260</Width>
            </MinSize>
          </Geometry>
          <Icons />
        </UI>
      </DispatchInfo>
    </Extension>
  </DispatchInfoList>
</ExtensionManifest>
